{
  "engine_settings": {
    "capital": 10000,
    "data_days": 365,
    "max_total_exposure": 0.1,
    "max_position_notional_pct": 0.2,
    "use_regime_allocator": true,
    "use_risk_manager": true
  },
  "ranked_results": [
    {
      "name": "eth_xrp_focus",
      "total_return": 0.19666,
      "final_capital": 11966.598906,
      "sharpe": 1.886746,
      "profit_factor": 2.452989,
      "max_drawdown": 0.038299,
      "total_trades": 89,
      "strategy_results": {
        "funding_mr_v7": {
          "assets": [
            "ETH/USDT",
            "XRP/USDT"
          ],
          "net_pnl": 749.8541585858666,
          "trades": 30,
          "pf": 2.479111022551956
        },
        "momentum_breakout": {
          "assets": [
            "ETH/USDT"
          ],
          "net_pnl": 660.2436343395574,
          "trades": 37,
          "pf": 2.110499800246094
        },
        "extreme_spike": {
          "assets": [
            "XRP/USDT"
          ],
          "net_pnl": 275.3996988364146,
          "trades": 7,
          "pf": 4.100042763357753
        },
        "contrarian_asym": {
          "assets": [
            "XRP/USDT"
          ],
          "net_pnl": 281.10141443029204,
          "trades": 15,
          "pf": 2.7230854706067937
        }
      },
      "score": 0.283173
    },
    {
      "name": "trio_extreme_xrp",
      "total_return": 0.179286,
      "final_capital": 11792.860045,
      "sharpe": 1.920628,
      "profit_factor": 2.06859,
      "max_drawdown": 0.041397,
      "total_trades": 91,
      "strategy_results": {
        "funding_mr_v7": {
          "assets": [
            "ETH/USDT",
            "SOL/USDT",
            "XRP/USDT"
          ],
          "net_pnl": 857.2167121654102,
          "trades": 47,
          "pf": 1.8620466220540626
        },
        "momentum_breakout": {
          "assets": [
            "ETH/USDT"
          ],
          "net_pnl": 660.2436343395574,
          "trades": 37,
          "pf": 2.110499800246094
        },
        "extreme_spike": {
          "assets": [
            "XRP/USDT"
          ],
          "net_pnl": 275.3996988364146,
          "trades": 7,
          "pf": 4.100042763357753
        }
      },
      "score": 0.257578
    },
    {
      "name": "xrp_convex",
      "total_return": 0.168778,
      "final_capital": 11687.775053,
      "sharpe": 1.769213,
      "profit_factor": 2.646042,
      "max_drawdown": 0.035964,
      "total_trades": 71,
      "strategy_results": {
        "funding_mr_v7": {
          "assets": [
            "XRP/USDT"
          ],
          "net_pnl": 471.0303051486588,
          "trades": 12,
          "pf": 3.6339352862964724
        },
        "momentum_breakout": {
          "assets": [
            "ETH/USDT"
          ],
          "net_pnl": 660.2436343395574,
          "trades": 37,
          "pf": 2.110499800246094
        },
        "extreme_spike": {
          "assets": [
            "XRP/USDT"
          ],
          "net_pnl": 275.3996988364146,
          "trades": 7,
          "pf": 4.100042763357753
        },
        "contrarian_asym": {
          "assets": [
            "XRP/USDT"
          ],
          "net_pnl": 281.10141443029204,
          "trades": 15,
          "pf": 2.7230854706067937
        }
      },
      "score": 0.256793
    },
    {
      "name": "trio_contra_xrp_sol",
      "total_return": 0.157452,
      "final_capital": 11574.517265,
      "sharpe": 1.957345,
      "profit_factor": 2.017308,
      "max_drawdown": 0.032814,
      "total_trades": 106,
      "strategy_results": {
        "funding_mr_v7": {
          "assets": [
            "ETH/USDT",
            "SOL/USDT",
            "XRP/USDT"
          ],
          "net_pnl": 714.5680027029081,
          "trades": 47,
          "pf": 1.8642025139673595
        },
        "momentum_breakout": {
          "assets": [
            "ETH/USDT"
          ],
          "net_pnl": 548.4919658235997,
          "trades": 37,
          "pf": 2.1102702752239604
        },
        "contrarian_asym": {
          "assets": [
            "XRP/USDT",
            "SOL/USDT"
          ],
          "net_pnl": 311.45729615736485,
          "trades": 22,
          "pf": 2.372908394547439
        }
      },
      "score": 0.240112
    },
    {
      "name": "quad_focus",
      "total_return": 0.154518,
      "final_capital": 11545.182097,
      "sharpe": 1.990412,
      "profit_factor": 2.11353,
      "max_drawdown": 0.034354,
      "total_trades": 113,
      "strategy_results": {
        "funding_mr_v7": {
          "assets": [
            "ETH/USDT",
            "SOL/USDT",
            "XRP/USDT"
          ],
          "net_pnl": 612.61904017616,
          "trades": 47,
          "pf": 1.865745661534128
        },
        "momentum_breakout": {
          "assets": [
            "ETH/USDT"
          ],
          "net_pnl": 469.0882715521302,
          "trades": 37,
          "pf": 2.1101065528796425
        },
        "extreme_spike": {
          "assets": [
            "XRP/USDT"
          ],
          "net_pnl": 196.645131159882,
          "trades": 7,
          "pf": 4.1060717027018985
        },
        "contrarian_asym": {
          "assets": [
            "XRP/USDT",
            "SOL/USDT"
          ],
          "net_pnl": 266.82965394068367,
          "trades": 22,
          "pf": 2.3743373062974458
        }
      },
      "score": 0.239324
    },
    {
      "name": "no_squeeze_full",
      "total_return": 0.154518,
      "final_capital": 11545.182097,
      "sharpe": 1.990412,
      "profit_factor": 2.11353,
      "max_drawdown": 0.034354,
      "total_trades": 113,
      "strategy_results": {
        "funding_mr_v7": {
          "assets": [
            "ETH/USDT",
            "SOL/USDT",
            "XRP/USDT"
          ],
          "net_pnl": 612.61904017616,
          "trades": 47,
          "pf": 1.865745661534128
        },
        "extreme_spike": {
          "assets": [
            "XRP/USDT"
          ],
          "net_pnl": 196.645131159882,
          "trades": 7,
          "pf": 4.1060717027018985
        },
        "momentum_breakout": {
          "assets": [
            "ETH/USDT"
          ],
          "net_pnl": 469.0882715521302,
          "trades": 37,
          "pf": 2.1101065528796425
        },
        "contrarian_asym": {
          "assets": [
            "XRP/USDT",
            "SOL/USDT"
          ],
          "net_pnl": 266.82965394068367,
          "trades": 22,
          "pf": 2.3743373062974458
        }
      },
      "score": 0.239324
    },
    {
      "name": "core_duo_eth_xrp",
      "total_return": 0.14101,
      "final_capital": 11410.097793,
      "sharpe": 1.911917,
      "profit_factor": 2.280151,
      "max_drawdown": 0.022613,
      "total_trades": 67,
      "strategy_results": {
        "funding_mr_v7": {
          "assets": [
            "ETH/USDT",
            "XRP/USDT"
          ],
          "net_pnl": 749.8541585858666,
          "trades": 30,
          "pf": 2.479111022551956
        },
        "momentum_breakout": {
          "assets": [
            "ETH/USDT"
          ],
          "net_pnl": 660.2436343395574,
          "trades": 37,
          "pf": 2.110499800246094
        }
      },
      "score": 0.232664
    },
    {
      "name": "core_duo_full",
      "total_return": 0.151746,
      "final_capital": 11517.460347,
      "sharpe": 1.838179,
      "profit_factor": 1.955012,
      "max_drawdown": 0.033023,
      "total_trades": 84,
      "strategy_results": {
        "funding_mr_v7": {
          "assets": [
            "ETH/USDT",
            "SOL/USDT",
            "XRP/USDT"
          ],
          "net_pnl": 857.2167121654102,
          "trades": 47,
          "pf": 1.8620466220540626
        },
        "momentum_breakout": {
          "assets": [
            "ETH/USDT"
          ],
          "net_pnl": 660.2436343395574,
          "trades": 37,
          "pf": 2.110499800246094
        }
      },